Model,Accuracy,Precision,Recall,F1-Score
TF-IDF + SVM,0.8,0.6818181818181818,0.7272727272727273,0.696969696969697
BERT Embedding,0.8,0.6666666666666666,0.6666666666666666,0.6666666666666666
